admin,admin,admin
Xumin,123123,user
marley, daisy, user
admin,admin
marley,daisy
marley,daisy
marley,daisy
marley,daisy
marley,daisy
marley,daisy
marley,daisy
marley,daisy
marley,daisy
marley,daisy
marley,daisy
marley,daisy
marley,daisy
marley,daisy
marley,daisyxtoga
marley,daisy
marley,daisy
marley,daisy
marley,daisy
marley,daisy
marley,daisy
marley,daisy
marley,daisy
marley,daisy
marley,daisy
marley,daisy
marley,daisy
marley,daisy
marley,daisy
marley,daisy
marley,daisy
marley,daisy
marley,daisy
marley,daisy
marley,daisy
marley,daisy
marley,daisy
marley,daisy
marley,daisy
marley,daisy
marley,daisy
marley,daisy
marley,daisy
marley,daisy
marley,daisy
marley,daisy
marley,daisy
marley,daisy
marley,daisy
marley,daisy
marley,daisy
marley,daisy
marley,daisy
marley,daisy
marley,daisy
marley,daisy
marley,daisy
marley,daisy
marley,daisy
marley,daisy
marley,daisy
marley,daisy
marley,daisy
marley,daisy
marley,daisy
marley,daisy
marley,daisy
marley,daisy
marley,daisy
marley,daisy
marley,daisy
marley,daisy
marley,daisy
marley,daisy
marley,daisy
